SNV,MutationType
10:101007503_G>A,0
10:101040603_A>G,0
10:119164752_C>T,0
10:119164878_T>C,0
10:119165362_G>C,0
10:119677500_G>C,0
10:120879324_G>A,0
10:120879348_G>A,0
10:122384219_C>T,0
10:122424216_T>C,0
10:122429597_G>A,0
10:123493095_A>G,2
10:124038193_G>A,0
10:124053610_C>A,0
10:124070841_A>G,0
10:124071080_C>T,0
10:124076749_G>A,0
10:124083946_G>A,0
10:124084023_T>C,0
10:125130179_G>C,0
10:127130123_G>A,0
10:127147505_A>G,0
10:127408206_A>G,0
10:127452233_C>T,0
10:129536525_T>C,0
10:131130130_T>G,0
10:131906691_T>C,0
10:131967945_C>T,0
10:131968294_C>T,0
10:133352286_A>G,0
10:133362587_G>A,0
10:133366926_A>G,0
10:133370622_G>A,0
10:133399742_C>T,0
10:133399759_T>C,0
10:133399962_G>A,0
10:14205221_A>G,0
10:14205229_C>G,0
10:17237311_G>A,2
10:17237314_T>A,2
10:17237518_C>T,0
10:27154694_C>G,0
10:3118360_C>T,0
10:3118424_C>T,0
10:3136689_C>T,0
10:3136713_T>A,0
10:3136723_C>T,0
10:34682054_T>A,0
10:44976523_C>T,2
10:44977420_G>A,0
10:44977421_A>G,2
10:48655736_T>C,0
10:49575627_T>C,2
10:5094459_C>A,2
10:5453255_T>C,0
10:5458196_C>G,0
10:5639385_T>C,0
10:5654519_G>A,0
10:5654531_A>T,0
10:5711774_A>G,0
10:5711929_G>A,0
10:6347952_A>C,0
10:68525508_T>C,2
10:68525514_T>C,2
10:68525527_T>C,2
10:68525574_T>C,2
10:68525592_T>C,0
10:69267273_A>G,0
10:71849805_A>G,0
10:72274312_A>G,2
10:72275283_T>A,0
10:72275539_C>T,0
10:7325036_C>T,0
10:7325117_G>A,0
10:7366046_G>A,0
10:75783484_G>A,2
10:75783484_G>C,2
10:75783484_G>T,2
10:77151337_G>C,0
10:77151338_G>T,0
10:77228125_T>C,0
10:77228153_C>T,0
10:77228238_T>C,0
10:77280752_T>C,0
10:77363563_A>G,0
10:77366345_C>T,0
10:77366502_T>C,0
10:77366772_A>C,0
10:77383924_A>G,0
10:77383967_T>C,0
10:77388075_C>A,0
10:77401434_T>C,0
10:77561892_C>G,0
10:77563186_C>T,0
10:77563199_T>C,0
10:77563773_G>A,0
10:77572161_G>A,0
10:77577374_G>A,0
10:77577570_C>T,0
10:77581450_T>C,0
10:7805478_G>T,0
10:7805703_C>T,0
10:7805742_T>G,0
10:7805839_C>T,0
10:79355057_C>G,0
10:79355203_C>T,0
10:84171600_C>G,0
10:84171658_T>C,0
10:84171665_G>A,2
10:84171666_A>G,2
10:84171818_A>G,0
10:84217209_A>C,0
10:87660803_T>A,2
10:87660803_T>C,2
10:87660803_T>G,2
10:87663205_G>A,0
10:87671303_G>A,0
10:87676834_T>C,0
10:87678176_C>T,0
10:87679776_G>A,0
10:87679987_C>A,0
10:87722114_G>T,0
10:87726310_A>G,2
10:87726351_A>G,2
10:88160086_C>T,0
10:88160149_A>G,0
10:88214000_T>A,0
10:88274731_A>G,0
10:88286355_A>T,0
10:88290211_G>C,0
10:88292100_C>A,0
10:88292771_T>C,0
10:93481039_G>A,0
10:93482242_A>C,0
10:95418528_C>G,0
10:95499310_C>T,0
10:95548685_A>G,0
10:95548814_A>G,0
10:95549250_C>T,0
10:95606063_G>A,0
10:95606350_A>G,0
10:96750392_T>C,0
10:96750422_C>G,2
10:96750422_C>T,2
10:96750493_T>C,2
10:96750493_T>G,0
10:96750560_G>A,0
10:97560780_G>T,0
10:99784690_A>T,0
11:102322776_G>A,2
11:102322776_G>C,2
11:102322776_G>T,2
11:102396367_A>T,0
11:10302281_C>T,0
11:108009161_G>C,0
11:110296565_C>G,0
11:111908805_G>A,0
11:114067213_C>T,0
11:114078314_G>C,0
11:114081697_T>C,0
11:114081741_G>A,0
11:114081870_T>G,0
11:114082115_A>G,2
11:114082115_A>T,2
11:114099424_G>A,0
11:114123783_G>A,0
11:114124390_C>G,0
11:114124472_T>C,0
11:114132022_G>A,0
11:114188764_A>G,0
11:114189547_T>C,0
11:114189611_G>C,0
11:114189757_C>T,0
11:114197461_C>G,0
11:114197592_A>G,0
11:114197752_G>A,0
11:114199438_A>G,0
11:114199667_T>G,0
11:114296609_G>A,0
11:114298738_T>C,0
11:114301172_T>C,0
11:114301788_A>G,0
11:114304839_T>A,2
11:114304842_T>A,2
11:114304842_T>C,2
11:114304842_T>G,2
11:114311785_C>T,0
11:114311885_C>T,0
11:114312587_A>G,0
11:114313413_G>A,0
11:11585992_C>T,0
11:117675963_T>C,0
11:117695452_G>A,0
11:117695588_G>A,0
11:117695657_T>G,0
11:117698066_A>G,0
11:117707554_A>C,2
11:117707554_A>G,2
11:117707554_A>T,2
11:117708396_G>C,0
11:117708396_G>T,2
11:117708555_A>G,0
11:117714315_A>G,0
11:117714320_A>G,0
11:117714503_A>G,0
11:117714623_C>A,0
11:117714655_G>A,0
11:117714808_G>A,0
11:117751733_G>A,0
11:117752094_G>T,0
11:117820203_A>C,0
11:117820203_A>G,2
11:117820430_C>T,0
11:117820433_C>T,0
11:120225163_T>A,0
11:120229811_C>G,0
11:120229888_G>A,0
11:129378809_G>A,0
11:1752773_A>G,2
11:1752994_G>A,0
11:18231629_C>T,0
11:18236471_T>A,2
11:18236471_T>G,0
11:18236735_A>C,0
11:18242289_C>T,0
11:18242540_G>A,0
11:18243191_C>T,0
11:18243537_G>C,0
11:18245480_C>T,0
11:18245970_C>G,2
11:18245970_C>T,0
11:18247406_A>C,0
11:18247406_A>T,2
11:18247640_G>C,0
11:18266803_C>T,0
11:18269273_G>A,0
11:18269273_G>C,2
11:18405544_G>A,2
11:18406034_C>T,0
11:19740286_G>C,0
11:27401159_C>T,0
11:27401424_C>T,0
11:27428984_A>G,0
11:27433252_A>G,0
11:27434029_T>C,0
11:27434035_C>T,0
11:27453248_T>C,0
11:27461715_T>C,0
11:2920984_A>G,0
11:320115_G>A,0
11:320166_T>C,0
11:320237_C>G,0
11:44619242_T>C,0
11:45240691_G>A,0
11:45240705_A>G,0
11:46677677_T>C,0
11:47466188_G>A,0
11:47726801_T>C,0
11:47726957_T>C,0
11:48073217_A>G,0
11:48093537_C>T,0
11:48093727_A>T,0
11:567189_G>A,0
11:567256_G>A,0
11:567256_G>C,2
11:567391_A>G,0
11:567630_G>A,0
11:61873739_A>G,0
11:61964721_C>A,1
11:61964721_C>T,0
11:61964793_G>A,0
11:61967486_G>A,2
11:62392494_A>T,0
11:62662863_G>A,0
11:6320454_C>G,0
11:64229857_A>G,0
11:64229866_T>C,0
11:64244753_G>C,0
11:65422908_G>T,0
11:65423737_C>G,0
11:65423756_C>T,2
11:65426368_G>A,0
11:65427750_C>T,0
11:65427784_G>A,0
11:65428349_G>A,0
11:65428525_G>A,2
11:65428756_C>T,2
11:65428833_G>A,2
11:65428833_G>C,2
11:65429413_C>G,0
11:65429460_T>A,0
11:65429481_G>C,0
11:65429922_G>A,0
11:65432128_A>G,0
11:65432914_C>T,2
11:65432916_C>T,2
11:65433008_G>A,2
11:65433008_G>C,2
11:65433008_G>T,2
11:65433734_G>A,0
11:65435540_G>A,2
11:65435540_G>T,2
11:65436090_C>T,0
11:65439500_G>A,2
11:65439504_A>G,2
11:65439575_T>A,2
11:65439669_T>A,2
11:65439669_T>C,2
11:65439669_T>G,2
11:65439993_A>G,2
11:65440001_A>G,2
11:65440048_A>G,2
11:65440055_A>G,2
11:65440270_C>T,2
11:65440327_A>G,2
11:65440328_A>G,2
11:65440447_T>C,2
11:65440671_C>T,2
11:65440782_A>G,2
11:65440841_T>A,2
11:65440841_T>C,2
11:65440841_T>G,2
11:65441347_A>G,2
11:65441384_A>G,2
11:65441418_A>G,2
11:65441427_A>G,2
11:65442619_A>G,2
11:65442678_A>C,2
11:65442678_A>G,2
11:65442701_A>G,2
11:65442703_A>G,2
11:65442788_A>G,2
11:65442819_A>G,2
11:65442843_A>G,2
11:65443262_C>T,2
11:65443921_G>A,0
11:65444508_G>A,0
11:65444651_C>T,0
11:65444976_A>G,0
11:65455481_T>C,0
11:65455758_T>G,2
11:65456067_T>A,2
11:65456067_T>C,2
11:65456067_T>G,2
11:65456441_T>C,0
11:65457089_A>G,0
11:65499221_G>A,2
11:65499378_C>T,0
11:65500674_A>G,2
11:65500901_G>A,2
11:65501308_C>T,0
11:65501637_C>T,2
11:65501885_G>A,0
11:65504361_C>T,0
11:65504404_C>T,0
11:65506096_T>A,2
11:65506096_T>C,2
11:65506096_T>G,2
11:67398289_G>A,0
11:67607691_T>C,0
11:67607713_T>G,0
11:67608224_T>A,2
11:67608224_T>C,2
11:67608224_T>G,2
11:68485812_A>G,2
11:69090745_A>G,0
11:69090796_A>G,0
11:69651347_C>G,2
11:74455233_G>A,0
11:74455275_T>G,0
11:75572608_C>A,0
11:78079817_C>T,2
11:812613_C>T,2
11:82824419_G>A,0
11:831809_T>G,0
11:837582_G>A,0
11:838419_A>G,0
11:838419_A>T,0
11:838424_C>T,0
11:838542_C>T,0
11:838634_C>A,2
11:838634_C>G,0
11:838672_C>T,0
11:838760_T>A,0
11:840251_C>A,0
11:840251_C>G,0
11:862652_T>C,0
11:866794_A>G,0
11:93730500_C>A,0
11:93741512_G>C,0
11:96274317_T>C,0
12:104817699_A>G,0
12:104817915_A>G,0
12:104820936_T>C,0
12:104839646_G>T,0
12:105189467_G>A,0
12:105197044_G>C,0
12:105199872_A>G,0
12:105200588_C>G,0
12:10699507_T>A,0
12:11171756_G>A,0
12:11171802_C>G,0
12:11171960_C>A,2
12:11171960_C>G,0
12:118145167_T>A,2
12:118145167_T>C,2
12:118145167_T>G,2
12:118145427_T>C,0
12:119194646_C>T,0
12:120199396_G>A,0
12:121795589_G>C,0
12:122147205_T>C,0
12:122277763_G>A,0
12:122862424_G>A,0
12:123597693_C>A,0
12:124914621_T>C,0
12:128793662_T>C,0
12:128812606_A>G,0
12:128813264_A>C,0
12:128813586_C>A,0
12:14774455_T>C,0
12:15704027_A>G,0
12:15715541_C>T,0
12:16034698_C>T,0
12:16347746_A>G,0
12:16348617_A>G,0
12:21501897_G>T,0
12:21644095_A>G,0
12:27647813_G>T,0
12:2891237_T>C,0
12:3114640_C>T,0
12:3130755_C>T,0
12:3219700_G>T,0
12:3235073_G>A,0
12:32701668_G>A,0
12:3315774_C>A,0
12:45954293_A>G,0
12:46234824_G>A,0
12:49273320_A>T,0
12:53479582_C>T,0
12:56712876_A>T,0
12:64758386_G>A,0
12:6538287_G>C,2
12:68821114_T>C,0
12:68821213_A>G,2
12:68821481_A>G,2
12:68821602_A>G,0
12:68822885_T>C,0
12:68823018_A>G,0
12:68833003_A>G,2
12:76056120_T>C,0
12:76859771_G>T,0
12:76902505_T>C,0
12:76912258_C>T,0
12:76917453_C>T,0
12:76918029_G>A,0
12:76918490_A>G,0
12:76918593_C>T,0
12:76920417_G>T,0
12:7936170_T>C,0
12:9868863_A>T,0
12:9868915_T>A,0
13:101718645_T>C,0
13:110189415_C>G,0
13:110295729_C>T,0
13:110295861_G>A,0
13:110512748_A>G,0
13:110512841_T>C,0
13:110512854_T>C,0
13:110899573_T>C,0
13:110899648_C>T,0
13:112706996_C>T,0
13:113323063_C>A,0
13:20187834_C>A,0
13:20403867_A>G,0
13:22055334_G>C,0
13:22055478_A>C,0
13:22055554_G>A,0
13:22067474_C>T,0
13:22067484_A>G,0
13:22067873_A>G,2
13:22069427_T>G,0
13:22884055_G>A,0
13:22884107_C>G,2
13:22884107_C>T,0
13:22884373_G>A,2
13:22884593_A>T,0
13:22884830_A>T,0
13:22886141_G>A,2
13:22886141_G>C,0
13:22886146_A>G,2
13:22886150_A>C,0
13:22887204_T>C,0
13:22887505_A>G,0
13:22889212_A>G,0
13:22890122_A>G,2
13:22890306_A>G,2
13:22891206_A>G,2
13:22891633_A>C,0
13:22892673_C>A,2
13:22892673_C>T,0
13:22892676_C>T,2
13:22894795_T>G,0
13:22896392_A>G,2
13:22897691_G>A,0
13:22897866_G>A,2
13:22897869_C>G,2
13:22897869_C>T,2
13:22897870_T>C,2
13:22898239_G>A,0
13:22898288_G>A,0
13:22898397_T>C,2
13:22898398_C>T,0
13:22898497_G>A,0
13:22898513_T>A,2
13:22898513_T>C,2
13:22898513_T>G,2
13:22910384_A>C,2
13:22910384_A>G,2
13:22910384_A>T,2
13:22910387_A>G,2
13:22911644_G>A,2
13:22911644_G>C,2
13:22911644_G>T,2
13:22917878_G>C,0
13:32529986_A>G,0
13:33284915_C>A,0
13:40536656_C>T,0
13:53314391_T>A,0
13:87460720_C>T,0
13:87500341_C>T,0
13:87500583_T>G,0
13:93560227_G>T,0
13:93560334_A>C,0
14:103123505_A>G,0
14:103137158_G>A,0
14:103137159_A>T,0
14:103137232_C>T,0
14:103519704_T>C,0
14:103521843_G>C,2
14:103548598_G>T,0
14:104759642_C>G,0
14:104815821_A>C,0
14:105624406_C>G,0
14:105624430_C>T,0
14:105624437_C>G,0
14:105624469_C>G,0
14:105624471_G>C,0
14:105624486_A>G,0
14:105624509_T>C,0
14:105624557_A>G,0
14:105624565_C>G,0
14:105624594_C>T,0
14:105624701_G>A,0
14:105624748_T>G,2
14:105624752_C>A,2
14:105624756_T>C,0
14:105624785_C>T,0
14:105741427_C>T,0
14:105741468_G>C,0
14:105741506_T>C,0
14:21253048_A>C,0
14:22830077_T>C,0
14:23300148_A>G,0
14:26597531_C>A,2
14:26597531_C>G,2
14:26597531_C>T,2
14:31019987_C>T,0
14:33924897_T>C,0
14:33925261_G>A,0
14:33925680_G>A,0
14:33940950_C>T,0
14:33986119_A>G,0
14:34017906_A>G,0
14:34018371_G>T,0
14:35025313_C>T,0
14:45713077_C>T,0
14:45715588_A>G,0
14:49832244_T>A,0
14:50915640_T>C,0
14:52640367_T>C,0
14:52647243_G>A,0
14:55142716_G>A,0
14:55142716_G>T,2
14:55145341_G>A,2
14:55145341_G>C,2
14:55145341_G>T,0
14:61733237_C>A,0
14:61736224_G>A,0
14:61736744_C>T,0
14:61740214_T>A,0
14:61740214_T>C,2
14:61741451_T>C,0
14:61741756_C>G,0
14:61742376_C>T,0
14:61746603_T>C,2
14:64024977_T>C,0
14:64030031_C>T,0
14:64031212_G>A,0
14:64052737_A>G,0
14:64226107_G>A,0
14:68788629_T>A,2
14:68788629_T>C,2
14:68788629_T>G,2
14:68788927_A>C,0
14:68788927_A>T,2
14:68788935_G>T,0
14:68788943_G>C,0
14:68789073_C>T,2
14:74942340_T>A,0
14:74942979_T>C,0
14:74943820_C>A,0
14:74944745_A>G,0
14:74945395_G>A,0
14:74948520_G>A,0
14:74948521_A>G,2
14:74955530_C>T,0
14:75278848_T>A,0
14:75622711_G>A,0
14:79048768_G>T,0
14:81263407_A>G,0
14:90404784_G>A,2
14:90404784_G>C,2
14:90404784_G>T,2
14:93732055_G>A,0
14:93735711_A>C,2
14:93735711_A>G,2
14:93735711_A>T,2
14:93736044_T>G,0
14:93736233_T>C,0
14:93769219_C>A,2
14:93769219_C>T,0
14:93769225_C>T,0
14:93769228_G>A,0
14:93769533_G>C,0
14:93769627_C>T,0
14:94081132_C>T,0
14:94377118_C>T,0
14:94377228_T>C,0
14:94377481_A>G,0
14:94377595_A>G,0
14:94378369_G>A,0
14:94381012_A>G,2
14:94624033_G>A,2
14:98973206_A>G,0
15:100573543_C>T,0
15:101362101_T>C,0
15:101362163_G>A,0
15:101378625_A>G,0
15:101393021_G>A,0
15:101393053_C>T,0
15:101394294_T>G,0
15:101406752_T>C,0
15:101467412_C>T,0
15:101467519_T>C,0
15:101467663_C>T,0
15:101467714_T>C,0
15:101467854_G>A,0
15:101468001_C>T,0
15:101473403_T>C,2
15:101473678_G>C,0
15:101473762_T>C,2
15:101605948_A>G,0
15:101641980_A>G,0
15:32517792_A>C,0
15:33054295_C>G,0
15:33054428_A>G,0
15:34146375_C>G,0
15:34553837_C>T,2
15:34583525_G>A,0
15:40857481_A>G,0
15:44715656_C>T,0
15:58185308_C>G,0
15:58185868_C>T,0
15:59319634_G>T,0
15:59319768_G>T,0
15:59344078_A>G,0
15:59363072_C>T,0
15:59372764_G>C,0
15:60362472_G>A,0
15:60388940_C>G,0
15:61877488_C>G,0
15:63071538_T>C,0
15:63071899_G>T,0
15:63156480_C>T,0
15:63324708_A>C,2
15:63324708_A>G,2
15:63324708_A>T,2
15:63336570_A>C,2
15:63336570_A>G,2
15:63336570_A>T,2
15:65659696_T>C,0
15:66984147_A>G,0
15:67001946_T>C,2
15:67001957_T>C,2
15:67044219_C>T,0
15:67046717_T>C,0
15:67046847_G>A,0
15:71935130_G>A,0
15:72205235_T>C,0
15:72345454_T>C,0
15:72346551_T>C,0
15:75639436_C>T,0
15:78548878_T>C,0
15:78548878_T>G,2
15:78921873_C>T,0
15:78925348_G>A,2
15:78925348_G>C,0
15:78925348_G>T,0
15:80071208_A>C,0
15:84970808_A>G,0
15:90214305_A>G,0
15:90501176_T>A,0
15:94471426_T>C,0
15:98387326_A>C,0
15:98391372_T>C,0
15:98391687_A>T,0
15:99596176_C>A,0
15:99665496_T>C,0
15:99665503_G>A,0
15:99665630_C>T,0
16:10102693_T>C,0
16:1325262_T>G,0
16:138531_T>G,0
16:1445744_G>A,0
16:1445745_G>A,0
16:15030385_G>A,0
16:16142666_T>G,0
16:1770340_T>C,0
16:1789022_G>A,0
16:1789133_T>C,0
16:1822016_G>A,0
16:1822030_A>G,0
16:1961924_C>T,0
16:1964282_A>G,0
16:20487078_C>A,0
16:20536929_C>T,0
16:20537012_C>T,0
16:20541713_C>T,0
16:20541764_A>C,0
16:20541764_A>G,2
16:20542006_C>A,0
16:20546907_G>A,0
16:20547119_A>G,0
16:2154834_T>C,0
16:2752683_T>C,0
16:28537629_C>T,0
16:28538087_C>T,0
16:28606164_C>T,0
16:28617172_T>C,0
16:29818525_C>T,0
16:29819105_T>C,0
16:30012604_T>C,2
16:3021963_T>G,2
16:3068535_A>C,0
16:3068848_C>T,0
16:3069073_C>T,0
16:3069383_C>T,0
16:3069430_C>T,0
16:3069473_C>T,0
16:31090359_T>C,2
16:31090359_T>G,2
16:31091000_C>T,0
16:31180161_A>G,0
16:3486872_G>A,0
16:4690440_G>C,0
16:4690443_C>T,0
16:4690476_T>C,0
16:47056492_T>A,2
16:47056492_T>C,2
16:47056492_T>G,2
16:47074739_A>G,0
16:493130_A>G,2
16:497010_A>G,0
16:497108_G>A,0
16:497207_C>T,0
16:497458_T>C,0
16:498955_A>G,2
16:499078_A>G,2
16:499310_G>A,0
16:499678_A>G,2
16:500337_T>C,0
16:500567_A>G,2
16:500568_A>G,2
16:53970530_A>G,0
16:54004942_T>C,0
16:554283_G>T,0
16:554554_T>C,0
16:56608921_G>A,2
16:56608921_G>T,2
16:56609369_C>T,0
16:56682513_G>A,2
16:56682885_C>T,0
16:56682886_T>C,0
16:56683070_T>G,0
16:56683597_T>C,0
16:56683607_C>T,0
16:56684138_C>T,2
16:67005609_A>G,2
16:67005726_A>G,2
16:67005804_A>G,2
16:67518392_A>G,0
16:69927089_A>G,0
16:69928578_C>T,0
16:69930471_G>A,0
16:69931689_A>G,0
16:69932072_A>G,0
16:69932247_T>C,0
16:69940545_C>A,0
16:69941457_G>A,0
16:69976555_G>A,0
16:69976686_T>C,0
16:69976743_G>A,0
16:69976747_A>G,0
16:72056582_G>A,2
16:72058276_C>G,2
16:72058276_C>T,0
16:72058306_G>A,2
16:72058306_G>T,2
16:72060571_T>C,2
16:72060898_C>T,2
16:74305387_G>T,0
16:79598018_G>C,0
16:84666613_C>G,0
16:84667014_G>A,0
16:84667044_C>A,0
16:85727807_C>A,0
16:85805047_T>C,0
16:87403114_G>T,0
16:8855117_T>C,0
16:8858391_A>G,0
16:88715442_C>T,0
16:88813787_T>C,0
16:89368480_G>A,0
16:89513388_C>T,0
16:89562810_A>G,0
16:89566317_G>T,0
16:89595098_A>G,0
17:17383509_C>G,0
17:17383536_A>G,0
17:17383544_T>C,0
17:17383677_C>G,0
17:17384009_T>C,0
17:17384039_A>C,0
17:27302153_A>G,2
17:27312985_A>G,0
17:27313039_T>A,2
17:27313039_T>C,2
17:27313039_T>G,2
17:28467845_T>C,0
17:28467991_A>G,0
17:28468211_C>T,0
17:28468243_T>G,0
17:28468288_C>T,0
17:30395720_C>T,0
17:30396601_C>T,0
17:30397499_G>A,0
17:30397920_G>A,0
17:38752808_A>G,0
17:39202359_G>A,0
17:39202359_G>T,2
17:39202412_C>A,2
17:39202412_C>T,0
17:40719056_C>T,0
17:40818360_T>C,0
17:41523947_G>A,2
17:41524200_A>G,2
17:41525223_A>G,0
17:41526351_G>T,0
17:41526591_A>C,2
17:41526591_A>G,2
17:41526591_A>T,2
17:41527411_G>A,2
17:41688896_T>C,2
17:41818912_C>T,0
17:41822810_T>A,0
17:41822829_C>G,0
17:41822830_C>G,0
17:42387616_C>G,2
17:42387616_C>T,2
17:42387807_T>G,0
17:42998454_G>C,0
17:43002928_G>T,2
17:43766611_C>G,0
17:45111899_T>G,0
17:45978731_C>G,0
17:47683063_T>C,0
17:47683067_T>C,0
17:48636709_G>C,0
17:48636709_G>T,2
17:48639179_C>T,0
17:48639230_T>A,0
17:48895709_G>C,0
17:48928147_T>G,0
17:48928226_C>T,0
17:50089934_A>G,0
17:50635344_G>A,0
17:50635350_C>G,0
17:50635735_C>T,0
17:50635819_A>G,0
17:50653306_A>G,0
17:51166443_A>T,0
17:57120553_G>C,0
17:57429260_T>C,0
17:57429487_T>C,0
17:59841547_T>C,0
17:59841670_A>T,0
17:67196111_T>C,2
17:70075786_G>A,0
17:70076042_A>G,0
17:70076145_G>C,0
17:70077293_C>T,0
17:70077509_T>G,0
17:70077587_T>C,0
17:70077789_G>C,0
17:70101666_A>G,0
17:70102283_A>G,0
17:70118157_C>T,0
17:7014479_T>C,0
17:7312217_T>C,0
17:74447053_G>T,0
17:74447148_C>G,0
17:7574620_G>C,0
17:7575897_T>C,0
17:7575899_T>C,0
17:76707354_A>G,0
17:76734761_T>A,2
17:76734761_T>C,0
17:76737017_G>A,0
17:77500260_T>C,0
17:77500279_A>G,0
17:77500378_T>C,0
17:80006765_C>G,0
17:80410945_A>C,0
17:80410969_C>T,0
17:81510102_A>C,0
17:81510491_T>A,0
17:81868021_A>G,0
17:82735829_A>G,0
17:82736023_C>T,0
17:82736264_G>A,0
17:82736523_G>C,0
17:82749312_C>T,0
17:82749557_A>G,0
17:82749567_G>A,0
17:9801131_G>A,0
18:12788788_T>G,0
18:13331188_T>C,0
18:13466252_T>C,0
18:3262195_T>C,0
18:36164803_T>G,0
18:36164988_G>A,0
18:36692482_A>G,0
18:36694999_G>A,0
18:36698836_T>C,0
18:36700168_G>A,0
18:59029973_G>C,0
18:59029973_G>T,0
18:59359129_A>G,0
18:61886127_T>C,0
18:62577623_A>G,0
18:63331168_A>G,0
18:6462420_G>A,0
18:6462666_C>A,0
18:6462740_C>G,2
18:6462740_C>T,0
18:6462744_A>G,0
18:6462804_C>G,0
18:6463005_T>C,2
18:74253640_C>T,2
18:74262357_A>G,0
18:74262836_C>T,0
18:74263010_G>A,0
18:74505564_G>A,0
18:74518003_G>A,0
18:74518217_A>G,0
18:74520377_C>T,0
18:74521016_C>T,0
18:74521017_A>G,0
18:74521017_A>T,0
18:74521112_T>C,0
18:79902497_G>A,0
18:8387221_G>T,0
19:1009884_A>G,0
19:1009915_A>G,0
19:1009915_A>T,2
19:1010023_C>T,0
19:10285660_C>G,2
19:10285660_C>T,0
19:10286562_C>T,0
19:1088286_T>C,0
19:1088640_G>C,0
19:1106695_C>T,0
19:1258941_G>T,0
19:1272041_T>C,0
19:15661225_A>G,2
19:16879876_A>G,0
19:16879984_T>C,0
19:17306756_C>T,0
19:17351690_G>A,0
19:17403172_T>G,0
19:18210463_A>G,0
19:18307234_T>C,0
19:18389005_G>C,0
19:18991781_A>T,0
19:19106659_A>G,0
19:19106918_G>A,0
19:19119673_T>C,0
19:19120059_A>G,0
19:2038820_G>A,0
19:20424477_T>C,0
19:20424628_T>C,0
19:20426274_A>G,0
19:20428359_A>T,0
19:20429508_C>T,0
19:20429549_G>A,0
19:23827864_T>G,0
19:3053576_T>C,0
19:34384797_A>C,0
19:34384831_T>C,0
19:34384990_G>C,0
19:34678196_C>A,2
19:34678196_C>G,0
19:34678390_T>C,0
19:35054059_G>A,0
19:35054215_T>C,0
19:35066536_C>T,0
19:35423887_T>G,0
19:36149867_T>C,0
19:38730655_A>G,0
19:3976323_T>G,0
19:4044426_G>C,0
19:40740473_G>C,0
19:40801873_C>T,0
19:41376807_A>G,0
19:41869113_C>T,0
19:43355397_T>C,0
19:43363506_G>A,0
19:43365692_C>T,0
19:43365815_G>A,0
19:43365855_T>A,0
19:47488184_C>G,0
19:47514077_C>G,0
19:47514159_T>C,0
19:47742523_T>C,0
19:48330471_G>A,0
19:48922515_T>C,0
19:48965830_T>G,2
19:48966392_C>T,0
19:52618463_T>C,0
19:52618557_T>C,0
19:52618646_T>C,2
19:52734417_T>G,0
19:52922676_G>A,0
19:52924874_T>C,0
19:52925288_C>T,0
19:52925323_A>G,0
19:52925797_C>T,0
19:52927199_T>C,2
19:52927492_T>C,0
19:52927537_T>C,2
19:52927643_G>C,0
19:52927643_G>T,2
19:52927674_T>C,0
19:52927716_A>G,0
19:52941910_C>T,0
19:52942410_A>T,0
19:54207164_G>A,0
19:55044539_C>G,0
19:55461583_T>G,0
19:6683835_T>C,0
19:683221_A>G,0
19:8302149_T>C,0
19:8364796_G>A,0
19:8488746_C>T,0
1:1013541_T>C,0
1:1055137_C>T,0
1:1055393_C>T,0
1:1055426_G>A,0
1:1055604_G>A,0
1:1063121_G>C,0
1:109395309_C>T,0
1:112912477_G>A,0
1:117368060_G>A,0
1:11750708_T>A,0
1:1386888_G>A,0
1:13900861_C>T,0
1:13941977_A>G,0
1:13942028_A>G,0
1:13942033_A>G,0
1:13942043_T>C,0
1:13942100_C>A,0
1:13942184_C>T,0
1:13942263_A>G,0
1:13942402_T>C,0
1:13945361_T>C,0
1:13945405_C>T,0
1:13994653_C>T,0
1:13995070_T>C,0
1:13995088_A>T,0
1:13997635_A>C,0
1:14060064_A>G,0
1:14140728_C>T,0
1:14140799_C>T,0
1:14140884_A>T,0
1:14141098_C>T,0
1:14141225_T>C,0
1:14196685_C>A,0
1:14224234_G>A,0
1:14328165_A>G,0
1:14350110_G>C,0
1:14375613_A>G,0
1:14375858_G>A,0
1:14417476_A>G,0
1:14435969_G>T,0
1:14437737_C>T,0
1:14466744_A>G,0
1:14467139_G>A,0
1:145996488_T>A,2
1:145996488_T>C,2
1:145996488_T>G,0
1:14665330_C>T,0
1:14667659_T>G,0
1:14713684_A>G,2
1:150308112_T>C,0
1:151806207_C>T,0
1:15220265_G>A,0
1:15220329_A>G,0
1:153631946_T>C,0
1:154466404_T>C,0
1:156594060_C>T,0
1:162529156_A>G,0
1:162798365_T>C,0
1:165655562_G>C,2
1:165655562_G>T,0
1:166125901_A>G,0
1:166126381_T>C,0
1:166131011_A>G,0
1:17054002_G>T,0
1:171600984_C>A,2
1:171600984_C>G,2
1:171600984_C>T,0
1:171601095_C>T,0
1:171601134_T>C,0
1:171601482_T>A,2
1:171601482_T>C,2
1:171601482_T>G,2
1:171602068_T>A,2
1:171602068_T>C,2
1:171602068_T>G,2
1:171602388_C>T,0
1:171602498_G>T,0
1:171603183_T>C,0
1:171607070_G>A,0
1:17581080_C>T,0
1:17581112_C>T,0
1:182383486_T>C,0
1:185296579_T>C,0
1:19373964_C>T,0
1:202010991_C>G,0
1:204346954_C>T,0
1:205507428_G>A,0
1:205520344_G>A,0
1:205527475_A>T,0
1:205532715_A>G,0
1:206052575_G>C,0
1:206052575_G>T,2
1:206052583_G>A,0
1:206052602_A>G,0
1:206052614_G>A,0
1:206052619_T>C,0
1:206052622_G>A,0
1:206052634_G>A,0
1:206053063_G>A,2
1:206053112_C>T,0
1:206053140_G>A,1
1:206053140_G>T,0
1:206053156_C>T,0
1:206053760_C>T,0
1:206054096_T>A,2
1:206054096_T>C,2
1:206054096_T>G,2
1:206054125_T>A,2
1:206054125_T>C,2
1:206054125_T>G,2
1:206054611_C>A,0
1:206055192_A>G,2
1:206055302_C>T,2
1:206055566_C>A,2
1:206055566_C>T,0
1:206055734_G>A,0
1:206056136_G>A,0
1:206057324_C>G,0
1:206057595_G>A,0
1:206057820_T>G,0
1:206057844_G>C,0
1:206057888_T>A,0
1:206057952_A>C,0
1:206062001_A>G,2
1:206071798_A>G,2
1:206072901_A>G,2
1:206072918_A>G,2
1:206072967_A>G,2
1:206072980_A>G,2
1:206073038_A>G,2
1:206073040_A>G,2
1:206734137_C>T,0
1:209675473_G>A,0
1:209675657_T>C,0
1:21577774_A>G,0
1:2189679_C>T,0
1:219198009_T>G,0
1:219200072_G>A,0
1:219210563_A>G,0
1:228494629_C>G,0
1:230103510_A>G,0
1:230103512_T>C,0
1:230107215_C>T,0
1:230281811_T>C,0
1:230281814_A>G,0
1:230705941_T>C,0
1:234604395_G>A,0
1:236795952_G>A,0
1:236796366_A>G,2
1:238479183_T>A,2
1:238479183_T>C,0
1:238479248_G>A,0
1:238479331_T>G,0
1:23978130_C>G,2
1:23978130_C>T,2
1:23979158_C>A,0
1:23979158_C>G,0
1:23979265_G>A,0
1:23979564_C>T,0
1:26170849_A>C,0
1:26438650_A>G,2
1:26574599_C>T,0
1:29178558_A>G,0
1:31434255_A>G,0
1:31434610_A>G,0
1:33323987_T>C,0
1:36289127_G>A,2
1:38995181_A>G,0
1:40993820_T>C,0
1:41018984_G>C,0
1:41018984_G>T,2
1:41019016_A>G,0
1:41019405_T>C,0
1:41186025_G>A,0
1:42956333_G>A,0
1:44777751_T>C,2
1:46316945_T>C,2
1:46317187_T>C,2
1:46325774_G>C,0
1:46331438_C>A,2
1:46331438_C>T,0
1:46331547_A>C,2
1:46331547_A>G,2
1:46331547_A>T,2
1:46332020_T>C,0
1:47183834_G>A,0
1:47183978_G>A,0
1:47842130_G>A,0
1:47842271_C>T,0
1:47874421_C>T,0
1:47874694_A>G,0
1:47878998_A>G,0
1:47879559_G>T,0
1:47879565_G>A,0
1:47880712_T>C,0
1:47885127_C>G,0
1:47912956_G>A,0
1:47913068_G>C,0
1:47916889_C>T,0
1:47949781_A>G,0
1:47981030_A>C,2
1:47981030_A>G,2
1:47981030_A>T,2
1:54849678_T>C,0
1:56533202_A>G,0
1:56572496_T>C,0
1:58782658_T>C,0
1:58783141_G>C,0
1:58783141_G>T,2
1:58783359_T>G,0
1:58783675_G>C,0
1:61766359_C>T,0
1:65152689_G>A,0
1:65432298_G>A,0
1:70981466_C>T,0
1:74729451_T>G,0
1:75786650_A>G,0
1:8020572_A>C,2
1:8020572_A>G,2
1:8020572_A>T,2
1:8021230_C>T,0
1:84077863_A>G,0
1:853876_T>C,0
1:9037182_C>T,0
1:9037192_A>G,0
1:91682670_C>G,0
1:9173536_T>C,2
1:9173610_T>C,2
1:9173613_T>C,2
1:9179472_T>C,2
1:9297889_G>C,0
1:9298184_C>T,0
1:9329311_C>T,0
1:9329403_G>A,0
1:958339_G>A,0
1:96679194_T>C,0
1:96679579_A>C,0
1:96679579_A>G,2
1:96679579_A>T,2
20:17660085_C>T,2
20:17660088_C>T,2
20:20471669_C>T,0
20:23637700_A>G,0
20:23637758_T>A,2
20:25006802_C>T,0
20:34369410_G>A,0
20:35002614_G>A,0
20:35740352_G>A,0
20:36545376_A>G,2
20:37517746_T>C,0
20:38349567_A>G,0
20:38351384_C>T,0
20:38351693_G>T,0
20:38360615_T>C,0
20:38360727_A>G,0
20:38364679_A>G,0
20:38367274_C>T,0
20:38367921_G>T,0
20:38376894_C>T,0
20:41359308_G>A,0
20:41359499_G>C,0
20:41359612_C>A,0
20:430675_C>T,0
20:44650863_C>A,0
20:45325634_C>T,0
20:47658268_C>G,0
20:49278660_C>T,0
20:49279623_T>A,2
20:49279623_T>C,2
20:49279623_T>G,2
20:49288971_G>A,0
20:50510582_A>G,0
20:5197884_T>A,0
20:58678076_A>G,0
20:58678219_C>T,0
20:58678240_A>G,0
20:62137228_G>A,0
20:62138255_G>A,0
20:62138276_A>G,0
20:62143364_C>T,0
20:62306274_G>A,0
20:62306724_T>C,0
20:62672214_T>C,0
20:62672227_T>C,0
20:63640027_A>G,0
20:6860857_C>A,0
20:6861070_G>A,0
20:6880212_C>T,0
20:7074504_G>A,0
20:7108454_G>A,0
21:33909089_A>G,0
21:34082467_G>A,0
21:34142817_G>A,0
21:34523991_A>C,0
21:37077210_G>A,0
21:38808459_T>A,0
21:39342552_C>T,0
21:41196237_T>G,0
21:41464802_A>G,0
21:42585563_C>T,0
21:42594429_G>A,0
21:42594613_C>T,0
21:43760198_G>A,0
21:43760457_A>G,0
21:43760541_G>A,0
21:43761565_G>A,0
21:43762048_C>A,2
21:43762048_C>G,2
21:43762048_C>T,0
21:43774070_A>G,2
21:44327030_G>C,0
21:44769443_T>C,0
21:44769443_T>G,0
21:44769736_A>C,0
21:44769737_G>A,0
21:44770430_C>T,2
21:44770495_G>A,0
21:44849838_A>G,0
21:45831294_G>A,0
21:46635747_G>C,0
22:17950542_T>G,0
22:21760715_C>G,0
22:23700061_C>T,2
22:26451620_G>T,0
22:26468108_G>A,0
22:26468429_T>C,0
22:26482015_G>A,0
22:26482058_A>G,0
22:29833965_T>C,0
22:32816783_C>T,0
22:36238986_T>C,0
22:36239398_A>G,0
22:36281354_G>A,0
22:36281936_G>A,0
22:43163131_G>T,0
22:46590992_G>A,0
22:46591705_T>C,0
22:49963768_C>T,0
22:50199168_G>C,0
22:50275437_G>C,0
22:50528116_A>G,0
22:50528840_A>G,0
22:50533080_T>G,0
22:50533323_A>C,0
22:50533366_G>A,0
2:100849532_C>G,0
2:100853887_A>G,0
2:101281950_G>C,0
2:101986680_G>A,0
2:102013178_A>G,0
2:10393347_T>A,2
2:10393347_T>G,0
2:10393703_A>T,0
2:10393795_T>C,0
2:10409879_C>T,0
2:10417845_T>C,0
2:10426956_A>G,0
2:108684618_C>A,0
2:108685932_G>A,0
2:108686243_C>T,0
2:109194344_C>T,0
2:109194651_T>C,0
2:109199014_A>G,0
2:109199220_G>A,0
2:109199227_C>T,0
2:109199249_C>T,0
2:109214212_C>T,0
2:113217533_A>G,0
2:113238091_C>T,0
2:113238762_T>C,0
2:113239311_A>G,0
2:113240637_G>A,0
2:113245202_A>T,0
2:113262374_G>A,0
2:113262385_C>T,0
2:113262543_G>C,0
2:119265612_A>G,0
2:119446476_T>C,0
2:119446938_C>T,0
2:119447041_G>A,0
2:119447848_T>A,0
2:119450277_G>A,0
2:119450383_C>G,0
2:119450708_A>G,0
2:119450869_A>G,0
2:119450938_G>C,0
2:119451017_G>A,0
2:121459415_C>T,2
2:122008533_G>A,0
2:122082281_G>A,0
2:122102561_A>C,0
2:122116061_G>A,0
2:122157532_T>C,0
2:122291188_A>C,0
2:127084010_A>G,0
2:127306369_T>C,0
2:127379244_T>G,0
2:127379436_G>A,0
2:131493314_T>C,0
2:131665179_A>G,2
2:131665250_A>G,2
2:158309557_T>C,0
2:158459252_G>A,0
2:158708966_A>G,0
2:158709933_G>C,0
2:158710609_A>C,0
2:158711151_T>G,0
2:158711305_A>G,0
2:158712791_G>A,0
2:158712815_G>A,0
2:158713216_T>G,0
2:158713476_T>G,0
2:158713767_A>T,0
2:158713773_T>C,0
2:158729484_A>G,0
2:158734538_A>G,0
2:162045001_T>C,2
2:162045072_T>C,2
2:162073044_T>A,2
2:162073044_T>G,0
2:162073045_T>C,0
2:162073199_T>G,0
2:162073222_G>A,0
2:164947296_T>C,2
2:167981035_C>G,0
2:167981258_C>A,0
2:167981269_A>T,0
2:167999597_A>G,0
2:167999713_C>T,0
2:167999914_G>A,0
2:168042853_T>C,0
2:168052310_T>C,0
2:168052325_T>C,2
2:168052339_T>C,0
2:168052341_T>C,2
2:168095719_T>C,0
2:168133996_G>A,0
2:171868791_A>G,0
2:175181687_G>A,0
2:176637792_G>C,0
2:176638010_C>T,0
2:177222659_T>C,0
2:177223051_T>A,2
2:182919896_T>C,0
2:182925344_A>G,0
2:190965051_C>T,0
2:200586283_C>T,0
2:203016269_T>C,0
2:205682821_T>C,0
2:206153256_T>C,0
2:208236587_C>A,0
2:208247493_T>C,0
2:208247827_G>A,0
2:210087097_C>T,0
2:210087522_C>T,0
2:216676859_T>C,0
2:216686764_T>C,2
2:222481257_T>A,2
2:222481257_T>C,2
2:222489059_T>C,0
2:222494619_A>T,0
2:222494646_C>T,0
2:222494854_A>C,0
2:222494981_A>G,0
2:222560508_G>A,0
2:222562552_T>C,0
2:222562553_G>A,0
2:223053362_C>A,0
2:223053362_C>G,0
2:223053645_T>C,0
2:223975379_A>C,0
2:223985720_A>T,0
2:223986006_G>C,0
2:224020061_A>C,0
2:224020094_A>G,0
2:224020102_A>G,0
2:224020128_T>C,0
2:224020198_G>A,0
2:224035419_T>G,0
2:224035435_A>T,0
2:224035617_G>C,0
2:224035885_T>C,0
2:224036103_C>T,0
2:224039199_C>G,0
2:227325286_C>G,0
2:227325349_A>G,0
2:227325435_T>C,0
2:227325651_T>C,0
2:229131427_T>C,0
2:229262238_A>G,0
2:230213010_A>G,0
2:231708634_G>A,2
2:233680858_T>C,0
2:233681395_A>G,0
2:233687101_G>A,0
2:233687171_A>C,0
2:233687304_G>A,0
2:233687568_A>C,0
2:233695584_C>A,0
2:233772770_T>C,0
2:233772898_G>C,0
2:233772898_G>T,0
2:233772999_G>C,0
2:235746508_A>G,0
2:241317943_G>A,0
2:241672519_T>C,0
2:24819756_C>G,0
2:26034380_C>G,0
2:26034381_G>C,0
2:26729633_T>C,0
2:26730723_G>A,0
2:26730803_G>A,0
2:26730879_A>G,0
2:26780153_T>C,0
2:27092153_G>A,0
2:27098338_T>G,0
2:27199737_C>T,0
2:28139147_G>A,0
2:34677857_T>C,0
2:34722269_C>A,0
2:34722337_G>C,0
2:34722507_C>A,0
2:34722541_G>A,0
2:34722590_A>G,2
2:64632545_T>C,0
2:65089983_G>A,0
2:65104525_T>G,0
2:8682088_A>G,2
2:8682445_G>A,0
2:8682445_G>T,2
2:8682761_A>C,2
2:8682761_A>G,2
2:8682761_A>T,2
2:8683804_T>A,2
2:8683804_T>C,2
2:8683804_T>G,2
2:8995879_T>C,0
2:95991827_A>G,0
2:97589725_C>A,1
3:100742598_T>A,0
3:101159727_A>G,0
3:101161335_A>G,0
3:105838496_T>C,0
3:105838857_C>G,0
3:114543599_C>A,0
3:114544615_C>T,0
3:114544634_A>G,0
3:114593997_T>G,0
3:114655120_T>C,0
3:114729950_C>T,0
3:114730270_T>C,0
3:123069775_A>G,0
3:123102538_T>C,0
3:128620110_T>C,0
3:129396327_C>A,2
3:129396327_C>G,2
3:129396327_C>T,2
3:132558515_A>T,2
3:134356484_G>C,0
3:136001399_T>C,0
3:141340673_G>A,0
3:141364148_C>T,0
3:141368781_T>C,0
3:143848365_A>G,0
3:146070500_C>T,2
3:146070505_C>T,2
3:146070508_C>G,2
3:146070508_C>T,0
3:146158988_C>T,0
3:146158989_T>A,0
3:146159613_C>T,0
3:149173261_A>G,2
3:149173261_A>T,2
3:149174180_T>G,0
3:15206289_A>G,0
3:15264388_C>T,0
3:156541490_C>T,0
3:156541559_G>A,0
3:156541696_G>A,0
3:156679960_C>T,0
3:156686753_T>A,0
3:156687626_G>T,0
3:156688142_T>A,0
3:156688371_T>A,2
3:156688371_T>C,2
3:156688371_T>G,2
3:156690560_G>C,0
3:156694480_G>A,0
3:156696129_T>C,0
3:156700615_T>C,0
3:156703736_G>A,0
3:156703736_G>T,0
3:156706022_A>G,0
3:157150480_C>T,2
3:157150482_C>T,2
3:161429250_G>C,0
3:172262715_C>G,0
3:186997531_G>A,0
3:187007703_G>A,0
3:187734192_C>A,0
3:187734193_A>C,0
3:187736887_A>C,0
3:187737777_C>A,2
3:187737777_C>G,2
3:187737777_C>T,2
3:187737983_A>G,0
3:187737983_A>T,2
3:187738170_A>G,0
3:187738921_T>G,0
3:187739116_C>G,0
3:187744508_A>G,0
3:190029829_T>C,0
3:190029974_C>A,0
3:190030038_G>T,0
3:190035049_G>A,0
3:190035141_A>G,0
3:190035502_T>C,0
3:190035618_G>A,0
3:190035819_C>T,0
3:190035918_A>C,0
3:190036029_T>C,0
3:190036073_G>T,0
3:190036194_C>G,0
3:190036200_G>T,0
3:190036268_C>A,0
3:190038125_T>C,0
3:190038387_C>T,0
3:194268639_T>C,0
3:194289274_G>A,0
3:194304661_A>C,2
3:194304661_A>G,2
3:194304661_A>T,2
3:194312076_A>C,2
3:194312076_A>G,2
3:194312076_A>T,2
3:195690722_A>G,0
3:195691981_A>C,0
3:195692044_C>T,0
3:195692105_A>G,0
3:195697496_T>C,0
3:195697740_G>A,0
3:195703754_A>G,0
3:195714858_A>G,0
3:195714957_C>T,0
3:195722747_A>G,0
3:195724895_A>T,2
3:195725009_A>T,2
3:195726171_T>C,0
3:195726193_T>G,0
3:195730098_G>A,2
3:195730098_G>C,2
3:195730098_G>T,2
3:195732731_C>G,0
3:195732750_A>G,0
3:195733365_G>A,0
3:195733416_G>A,0
3:195734913_A>C,2
3:195734913_A>T,0
3:195735154_G>A,0
3:195735905_A>T,0
3:195735906_A>G,0
3:195735947_C>T,0
3:195735948_A>G,0
3:195735972_G>A,0
3:195735998_C>T,0
3:195736228_A>G,0
3:195969710_G>A,0
3:195969736_G>A,0
3:195970132_C>T,0
3:196740003_G>T,0
3:197058267_G>A,0
3:197058268_T>C,0
3:197071830_G>A,0
3:197114237_C>T,0
3:197269496_G>A,0
3:197479277_T>C,0
3:21857912_G>A,0
3:21865286_T>C,0
3:21865371_C>T,0
3:21865394_A>T,0
3:21875284_G>A,0
3:21876915_T>C,0
3:21934471_G>C,0
3:21934626_A>G,0
3:21941840_T>G,0
3:21949708_T>C,0
3:21949752_C>T,0
3:22004809_C>T,0
3:22004855_A>G,0
3:22005048_C>G,0
3:22019238_C>T,0
3:22082054_C>G,0
3:22082177_C>T,0
3:22082507_C>G,0
3:22082687_T>A,0
3:22082826_A>C,0
3:22095500_T>G,0
3:22095549_A>G,0
3:22095774_C>G,0
3:22095948_A>G,0
3:22105515_C>G,0
3:38496708_C>T,0
3:46976193_G>A,0
3:46976724_T>C,0
3:53682341_G>A,0
3:53847444_G>A,0
3:53865553_A>G,0
3:61589750_C>A,0
3:66027190_C>T,0
3:81490996_A>C,0
3:81587238_A>T,0
3:81617342_C>A,0
3:81761619_G>A,0
3:93824162_A>T,0
3:93960863_T>C,0
3:93969667_G>A,0
3:98743201_C>A,0
3:98743201_C>G,2
3:98743496_G>T,0
3:98743681_G>A,0
3:98766439_G>A,2
3:98766439_G>T,0
3:98775168_G>A,0
3:98781037_A>G,0
4:110532997_A>G,0
4:118279119_C>T,0
4:131503596_T>C,0
4:131535152_A>G,0
4:14403312_T>C,0
4:14403397_G>A,0
4:14403400_A>G,0
4:14412492_C>T,0
4:14412556_T>C,0
4:14436134_C>A,0
4:14436198_T>C,0
4:14436237_A>C,0
4:14436237_A>T,0
4:14436256_A>G,0
4:14438470_T>C,0
4:14442514_C>T,0
4:153684893_T>C,0
4:153696708_G>T,0
4:153696854_G>C,0
4:153701497_C>T,0
4:153734874_C>A,0
4:153735347_G>T,0
4:154571072_A>C,0
4:158905227_T>C,0
4:158905621_T>G,0
4:168994808_A>G,0
4:17486910_C>T,0
4:17486911_A>G,0
4:178284353_A>C,0
4:184756209_T>C,0
4:184781677_T>C,2
4:184781747_T>C,2
4:184781748_T>C,2
4:184781807_T>C,2
4:184781830_T>C,2
4:184781892_T>C,2
4:184781979_A>G,0
4:184782201_C>T,0
4:184814256_T>A,0
4:184822194_C>G,0
4:185636892_C>G,0
4:185637277_T>C,0
4:185637365_T>C,0
4:185652155_A>G,0
4:185694744_C>T,0
4:185756911_C>T,0
4:185770393_C>A,0
4:185774444_G>A,0
4:185775115_A>G,0
4:185775116_A>G,0
4:185806544_T>G,0
4:185806612_T>C,0
4:186123504_T>G,0
4:2839593_A>G,2
4:2839625_A>G,2
4:2839633_A>G,2
4:2839661_A>G,2
4:2839669_A>G,2
4:2839707_A>G,2
4:2839729_A>G,2
4:2839825_A>G,0
4:2839826_A>G,0
4:2840078_A>G,2
4:2840104_A>G,2
4:2840110_A>G,0
4:2840114_A>G,2
4:2840118_A>G,2
4:49607265_G>A,0
4:49607396_G>A,0
4:49607398_A>T,0
4:49607432_G>A,0
4:49607435_C>T,2
4:49607446_T>C,0
4:49607458_C>A,0
4:49607461_G>C,0
4:49607494_T>A,0
4:49607514_G>T,0
4:49607523_C>G,0
4:49607556_G>A,0
4:49607570_T>C,0
4:49607592_T>A,0
4:49607618_T>A,0
4:49607643_C>A,0
4:49607669_T>A,0
4:55398586_C>G,0
4:55398774_C>G,0
4:55412357_A>G,2
4:57100159_G>A,0
4:57100173_G>C,0
4:57100640_A>T,0
4:57106008_G>A,0
4:69064573_A>G,0
4:69080286_A>G,0
4:69080402_G>A,0
4:69080431_T>C,0
4:69080511_A>G,0
4:69112350_G>A,0
4:74097332_C>T,0
4:8205949_G>A,0
4:8206083_C>T,0
4:8207062_T>C,0
4:8210198_G>T,0
4:8240739_A>G,0
4:82893670_T>C,0
4:87983190_A>C,0
4:88780566_A>T,0
4:88780826_C>T,0
4:88822629_G>A,0
5:10239166_C>T,0
5:10264850_A>G,0
5:10264964_C>T,0
5:10279830_G>A,0
5:10280083_C>T,0
5:112867867_T>A,0
5:126387023_G>A,0
5:126394143_C>T,0
5:126394249_C>T,0
5:131796097_A>G,0
5:132340171_A>G,0
5:132370597_G>A,0
5:132370679_C>T,0
5:132373907_A>G,0
5:132374047_A>C,0
5:132374084_T>C,0
5:132395115_T>C,0
5:134205468_G>A,0
5:135571787_A>C,2
5:135571787_A>G,2
5:135571787_A>T,2
5:135578901_C>T,2
5:135578903_C>T,2
5:135578904_T>C,0
5:136038512_G>C,0
5:136050011_T>C,0
5:136050089_T>C,0
5:136051041_A>G,0
5:136051064_G>T,0
5:136051111_C>T,0
5:137417763_A>T,0
5:137417966_T>C,0
5:137434602_T>C,0
5:138561405_A>G,0
5:138574982_G>C,0
5:1392923_G>A,0
5:1394274_C>A,0
5:1394407_C>T,0
5:141318589_T>C,0
5:142001163_C>T,0
5:143278056_T>C,0
5:1437915_T>A,0
5:1437927_G>A,0
5:1438239_A>C,0
5:1443858_G>T,0
5:1443870_G>T,0
5:1443875_T>C,0
5:1444312_T>G,0
5:1445264_T>C,0
5:145820543_A>G,0
5:1461453_C>T,0
5:1462612_A>T,0
5:1469322_A>G,0
5:148271667_G>A,0
5:148285660_T>C,0
5:149498373_T>C,0
5:149551097_G>C,0
5:1516770_C>G,0
5:1517083_C>T,0
5:1517207_T>G,0
5:1517586_T>C,0
5:1517599_A>C,0
5:1517654_C>T,0
5:1517766_T>C,0
5:1518376_T>A,0
5:1518426_C>T,0
5:1518486_A>G,0
5:154814175_A>G,0
5:157090237_T>C,2
5:157090649_T>C,2
5:157106163_C>T,0
5:1578081_G>A,0
5:175528012_C>T,0
5:175528112_G>A,0
5:175528743_G>C,0
5:175528743_G>T,0
5:176061652_C>T,0
5:176061710_C>A,0
5:176061891_T>C,0
5:176062831_C>A,0
5:176062918_G>C,2
5:176346284_T>C,0
5:177547527_T>G,0
5:177595651_A>G,0
5:178231882_C>A,0
5:178231944_C>T,0
5:178237842_A>G,0
5:178449308_C>T,0
5:178471334_T>C,0
5:178471649_T>C,0
5:178554304_A>G,0
5:181238127_G>A,1
5:21480894_G>A,0
5:21481050_T>A,0
5:21487638_C>G,2
5:21487638_C>T,0
5:34186655_T>A,0
5:34193795_T>C,0
5:35229973_C>A,0
5:35230018_C>A,0
5:35230108_A>G,0
5:35230124_G>A,0
5:35230200_G>C,0
5:35230278_G>C,0
5:35230396_G>A,0
5:38905261_A>C,0
5:38935580_C>T,0
5:39373151_C>T,0
5:39424990_T>G,0
5:59767507_G>C,0
5:6378501_G>C,0
5:66860523_G>A,0
5:67012399_C>T,0
5:67012663_A>C,0
5:67143099_C>T,0
5:67143169_T>C,0
5:68289315_G>A,0
5:68289758_G>A,0
5:68289758_G>C,2
5:68289758_G>T,2
5:79077841_G>A,0
5:82276077_A>G,0
5:84384142_A>G,0
5:8649470_T>G,0
5:8724744_G>A,0
5:8754777_C>T,0
5:8776552_T>A,0
5:8776777_G>C,0
5:8782795_G>C,2
5:8782795_G>T,0
5:8782946_A>T,0
5:8782959_C>T,0
5:8822110_C>A,0
5:95732879_G>A,0
5:95735803_G>T,0
5:95750599_T>C,0
5:95752859_C>T,0
5:95757380_G>A,0
5:95776197_G>A,2
5:95778117_T>A,2
5:95778117_T>C,2
5:95778117_T>G,2
5:95785309_G>A,0
5:95785355_G>A,0
5:95789154_A>G,0
5:95791325_C>G,0
5:95792266_A>G,2
5:95793483_T>C,2
5:95793483_T>G,2
5:95795101_T>A,2
5:95795101_T>C,2
5:95795101_T>G,2
5:95795588_G>A,0
5:95859854_C>T,0
6:106769745_G>A,0
6:106769967_C>A,0
6:106970848_T>C,2
6:106971734_G>A,0
6:111279606_C>T,0
6:111286822_A>G,0
6:111286952_A>G,0
6:111289990_T>G,0
6:111290051_C>T,0
6:111290082_C>T,0
6:111290185_G>A,0
6:111480895_T>G,0
6:12294025_A>G,0
6:131637345_A>C,0
6:158775096_G>A,0
6:158775571_C>A,0
6:159679850_T>C,2
6:159684910_C>T,0
6:159692735_T>A,2
6:159692735_T>C,2
6:166929725_T>C,2
6:166933806_G>C,0
6:18399606_G>A,0
6:24705607_T>C,0
6:25847791_A>G,0
6:25851305_A>G,0
6:25853484_T>C,0
6:25857525_T>C,0
6:25867998_T>C,0
6:29555869_G>C,0
6:29555899_C>G,0
6:29830833_C>T,0
6:29942863_C>G,0
6:29942940_A>T,0
6:29942982_T>C,0
6:29945265_C>T,0
6:29945489_G>C,2
6:29945765_T>G,0
6:29945861_G>C,0
6:30744028_C>G,0
6:31175734_G>A,0
6:31175805_A>C,0
6:31177296_T>C,0
6:31177330_A>G,0
6:31177339_C>T,0
6:31177346_A>G,0
6:31178626_C>T,0
6:31178807_G>T,0
6:31180829_C>T,0
6:31182573_G>A,0
6:31182658_A>G,0
6:31182841_G>A,0
6:31183096_T>C,0
6:31183137_T>A,0
6:31183262_T>A,0
6:31183471_G>A,0
6:31184149_A>G,0
6:31184149_A>T,2
6:31184350_A>G,0
6:31185816_C>A,0
6:31268790_T>C,0
6:31268794_A>G,0
6:31268845_C>A,0
6:31268862_G>A,0
6:31268869_A>T,0
6:31268870_C>T,0
6:31268945_C>T,0
6:31269068_A>G,0
6:31269076_G>A,0
6:31270233_T>A,0
6:31270455_G>A,0
6:31270457_G>A,0
6:31272078_C>G,0
6:31354079_A>G,0
6:31354105_G>A,0
6:31354129_A>G,0
6:31354138_A>T,2
6:31355519_A>C,2
6:31356181_T>A,2
6:31356227_C>A,2
6:31356717_A>C,0
6:31356739_C>G,0
6:31356749_C>T,0
6:31356887_T>A,2
6:31357111_G>C,2
6:31357154_A>T,0
6:33299895_A>G,0
6:35573281_C>T,0
6:35587406_C>A,0
6:35588743_A>G,0
6:35607710_G>A,0
6:35611225_A>G,0
6:35611598_A>C,0
6:35616278_A>G,0
6:35641117_T>C,2
6:35641152_T>A,0
6:35641228_T>C,2
6:35641232_T>C,2
6:35642487_G>A,0
6:35648475_T>C,0
6:35648889_C>T,0
6:35648896_C>T,0
6:35649808_A>T,0
6:35650044_C>A,0
6:35657928_A>G,0
6:35658159_G>A,0
6:35662483_T>C,2
6:35668640_T>A,2
6:35668640_T>C,2
6:35668640_T>G,2
6:35672684_C>G,0
6:35677308_T>C,0
6:35677922_T>C,2
6:35678658_T>C,0
6:35684010_T>C,2
6:35684210_G>A,0
6:35684281_T>C,2
6:43785475_A>G,0
6:43998872_C>T,0
6:43999484_G>A,0
6:43999484_G>T,2
6:44247132_T>A,0
6:52995818_T>C,2
6:73372944_C>T,0
6:74487090_G>C,0
6:74528288_G>A,0
6:74529796_A>G,0
6:74610000_G>T,0
6:74620451_C>A,0
6:74620543_G>A,0
6:74620783_G>A,0
6:74620812_C>G,0
6:74674109_A>G,0
6:74799069_G>A,0
6:79234638_T>G,0
6:99402953_G>C,0
7:100367662_T>C,0
7:100723515_T>G,0
7:101127783_C>T,2
7:101127789_G>T,2
7:101129349_C>G,2
7:101129349_C>T,0
7:101129594_G>A,0
7:101130994_G>A,0
7:101131589_A>C,0
7:101132723_T>A,2
7:101132723_T>C,2
7:101132723_T>G,2
7:101138830_G>A,0
7:101916609_G>A,0
7:106258184_G>C,0
7:106260217_C>T,0
7:106260846_A>G,0
7:106266865_G>A,0
7:106269962_A>G,0
7:106270695_A>G,0
7:106271604_G>C,0
7:106271771_C>T,0
7:106275359_T>A,0
7:106275641_A>T,0
7:111196144_G>C,0
7:111203739_A>G,0
7:111232500_T>C,0
7:116506657_A>G,0
7:127999361_T>C,0
7:128002741_A>T,0
7:128457692_A>G,2
7:128457741_A>G,0
7:128457759_A>C,2
7:128457759_A>G,2
7:128457761_A>G,2
7:128457791_A>G,2
7:128457792_A>G,0
7:128457797_A>G,2
7:128457818_G>A,2
7:128457908_T>A,2
7:128457908_T>C,2
7:128457908_T>G,2
7:128458017_G>A,0
7:128463674_C>T,0
7:128463992_T>C,0
7:130890821_A>G,0
7:130893364_C>A,0
7:130905343_A>C,0
7:130938498_A>C,0
7:130977965_G>C,0
7:131003425_C>T,0
7:131024905_C>T,0
7:131025107_A>G,0
7:131055318_C>G,0
7:131071392_T>C,0
7:131071540_A>G,0
7:131097337_A>G,0
7:133034625_G>C,0
7:134447700_G>C,0
7:134447723_G>C,0
7:134451646_G>A,2
7:135171690_T>C,0
7:135171822_C>G,0
7:135171852_G>T,0
7:135171871_T>C,0
7:135171982_T>C,0
7:135172026_T>C,2
7:135172027_C>T,2
7:135172272_T>C,0
7:135172824_C>T,0
7:135173036_C>A,0
7:135173036_C>G,2
7:135173157_C>A,0
7:135240036_G>A,0
7:135246983_T>C,2
7:135261218_T>C,0
7:135261247_C>T,0
7:135261248_T>G,0
7:135261427_T>C,0
7:135261680_G>C,0
7:135261802_A>G,0
7:135261992_C>G,0
7:135262014_A>G,0
7:135262547_C>A,0
7:135263420_A>G,0
7:135263853_A>G,0
7:135270099_G>T,0
7:135273190_G>T,0
7:135277291_C>G,0
7:135277669_G>T,0
7:135307278_C>T,0
7:135310638_G>A,0
7:139562241_C>T,0
7:150055813_C>T,0
7:150083084_T>C,2
7:150083195_C>A,2
7:150083195_C>G,0
7:150178600_T>A,0
7:150178647_T>G,0
7:150206797_C>T,0
7:150227723_A>G,0
7:150233920_G>T,0
7:150256047_A>G,0
7:150338370_T>G,0
7:150338411_C>A,0
7:150338411_C>G,0
7:150799123_C>G,0
7:150799441_A>G,0
7:150800059_A>G,0
7:151076479_C>A,0
7:151557089_T>C,0
7:155644303_C>T,0
7:155644781_T>C,0
7:158879785_C>A,2
7:158879785_C>G,0
7:20411204_A>G,0
7:21570761_G>A,0
7:23274928_C>T,0
7:23530965_G>T,0
7:3305461_G>C,0
7:3305949_C>G,0
7:3306491_C>A,0
7:3311773_A>C,0
7:3311782_C>T,0
7:3312178_T>C,0
7:3312501_G>A,0
7:3312859_G>C,0
7:3312880_T>C,0
7:3313373_T>C,0
7:3313425_G>A,0
7:3316440_G>A,0
7:3316575_A>G,0
7:3316654_G>C,0
7:3316831_G>A,0
7:3316851_G>C,0
7:3316922_A>G,2
7:3316924_A>G,2
7:3316925_A>G,2
7:3317066_A>G,2
7:3317070_A>G,0
7:3317130_A>G,2
7:3317179_T>A,2
7:3317179_T>C,2
7:3317179_T>G,2
7:3320254_G>A,0
7:3321988_T>C,0
7:3327273_A>C,0
7:3327432_C>A,0
7:3330304_G>A,0
7:3330406_C>T,0
7:3330569_G>A,0
7:3330642_C>G,0
7:3335216_A>C,0
7:3335243_A>G,0
7:3336278_C>T,0
7:3336440_A>T,0
7:3336898_A>G,0
7:3338718_G>T,0
7:3338858_G>C,0
7:3338984_A>T,0
7:3339003_T>C,0
7:3339771_G>A,0
7:3340488_T>C,0
7:3341770_G>T,0
7:3342157_C>T,0
7:3342379_G>A,1
7:3342931_A>T,0
7:3343971_T>C,0
7:3345205_C>T,0
7:3346962_C>T,0
7:3347208_G>T,0
7:3347416_C>G,0
7:3348574_G>A,0
7:3348622_C>A,0
7:3350762_C>T,0
7:3350977_G>A,0
7:3351320_A>G,0
7:3351631_A>G,0
7:3351720_C>G,0
7:3351728_G>C,0
7:3353176_G>A,0
7:3353635_A>G,0
7:3356433_C>A,0
7:3356528_A>G,0
7:3356548_T>G,0
7:3356553_A>G,0
7:3356585_T>C,0
7:3356688_A>G,0
7:3356916_A>G,0
7:3357381_A>G,2
7:3357469_G>A,0
7:3365069_C>T,0
7:3369176_C>T,0
7:3369290_C>T,0
7:3369357_C>T,0
7:3370959_C>G,0
7:3375029_A>G,0
7:3376632_G>A,0
7:3385021_C>T,0
7:3385054_G>A,0
7:3387878_A>G,0
7:3389649_A>C,0
7:3391418_A>C,0
7:3391882_C>G,0
7:3413676_A>G,0
7:3415299_T>C,0
7:3415347_G>C,0
7:3417035_A>G,0
7:3422243_G>A,0
7:3426729_C>G,0
7:3427176_G>T,0
7:3427285_G>A,0
7:3433710_A>G,0
7:3436084_G>T,0
7:3436262_C>G,0
7:3436912_C>A,0
7:3437688_T>G,0
7:3440021_A>G,0
7:3440131_T>G,0
7:3440869_C>T,0
7:3465243_C>T,0
7:3474618_G>A,0
7:3479415_G>C,0
7:3479488_T>C,0
7:3481941_A>G,0
7:3486935_T>C,0
7:3504471_G>A,0
7:3517947_A>T,0
7:3517984_A>G,0
7:3518262_T>A,0
7:3518262_T>G,0
7:3518296_A>G,0
7:3518732_A>T,0
7:3518889_G>T,0
7:3525392_G>A,0
7:3536191_T>G,0
7:3536214_A>G,0
7:3536242_G>A,0
7:3536265_A>G,0
7:3536273_A>G,2
7:3536638_A>G,2
7:3559570_C>G,0
7:3559720_G>C,0
7:3562716_G>A,0
7:3563853_C>T,0
7:3565708_G>A,0
7:3566467_T>C,0
7:3566706_C>T,0
7:3586467_G>C,2
7:3586467_G>T,0
7:3595473_T>C,0
7:3596826_A>G,0
7:3628979_T>A,0
7:3629070_A>G,0
7:3644507_G>A,0
7:3649770_C>T,0
7:3664191_C>T,0
7:3664242_C>T,0
7:37092539_C>T,0
7:37092971_C>T,0
7:37093304_C>G,0
7:37093524_A>G,0
7:37103753_T>C,0
7:37103795_A>G,0
7:3715643_G>C,0
7:3716715_C>T,0
7:37168101_A>G,0
7:37171185_C>T,0
7:37178141_G>A,0
7:37178361_T>C,0
7:3717837_A>G,0
7:37189588_C>T,0
7:37189748_C>T,0
7:3719376_G>C,0
7:3719804_C>A,2
7:3719804_C>G,0
7:37240489_T>A,0
7:3734624_C>T,0
7:3734964_G>A,0
7:3852255_G>A,0
7:3852809_G>A,0
7:3857002_G>A,0
7:3870187_G>A,0
7:3870243_T>C,0
7:3877491_T>C,0
7:3878147_G>T,0
7:3878434_G>A,0
7:3880797_A>G,0
7:3880912_G>C,0
7:3952404_T>C,0
7:42937596_G>A,0
7:44708731_A>G,0
7:44768492_T>G,0
7:45912360_A>C,2
7:45912360_A>G,2
7:45913091_C>T,0
7:46183648_C>G,0
7:46183943_C>T,0
7:46192842_C>T,0
7:46192933_G>A,0
7:46213679_C>T,0
7:55023625_C>G,2
7:55023625_C>T,0
7:55027504_A>G,0
7:55027792_A>G,0
7:55035506_T>C,0
7:55041301_T>C,0
7:55058304_A>G,0
7:55074961_A>G,0
7:55086688_G>A,0
7:55086893_G>A,0
7:55086943_T>C,0
7:55086995_A>C,0
7:55086995_A>G,2
7:55087035_C>A,0
7:55147325_A>C,0
7:55185015_C>T,0
7:55211159_C>A,0
7:55239852_G>A,0
7:55240233_C>T,0
7:56101726_C>T,0
7:56106422_A>C,0
7:56106447_G>T,0
7:6384093_C>G,0
7:6473530_A>T,0
7:7539328_T>C,0
7:76302930_A>G,2
7:76302944_A>G,2
7:76302948_G>A,0
7:76302962_G>A,2
7:95583590_T>A,0
7:95583747_G>A,0
7:95584043_C>T,0
7:95584390_G>A,0
7:95584641_A>C,0
7:95585165_T>A,0
7:95585346_T>G,0
7:95586214_A>C,2
7:95586214_A>G,2
7:95586214_A>T,2
7:95586264_A>G,0
7:95586298_A>C,2
7:95586298_A>G,0
7:95586320_A>G,0
7:95586935_A>T,2
7:95586950_A>G,0
7:95588428_A>G,0
7:95588428_A>T,2
7:95588574_T>G,0
7:95588733_T>C,0
7:95589166_T>C,0
7:95589297_C>T,0
7:95590199_T>A,0
7:95590699_T>C,0
7:95591695_A>G,0
7:95591957_C>T,0
7:95593405_C>T,0
7:95593686_G>T,0
7:95594506_T>C,0
7:95594556_C>T,0
7:95595564_G>T,0
7:95595794_T>G,0
7:95596419_T>C,0
7:95596501_T>C,0
7:97971501_T>C,2
7:98291311_A>G,0
7:98629470_G>A,0
8:100296249_C>T,0
8:102529489_G>A,0
8:102529654_C>T,0
8:103517477_A>G,0
8:103517531_C>G,0
8:103517539_C>A,0
8:104049046_G>A,0
8:104105616_A>G,2
8:109334941_T>A,2
8:109334941_T>C,0
8:109334941_T>G,2
8:11842928_C>T,0
8:11843167_T>C,0
8:11843176_T>C,0
8:11843236_G>C,0
8:11843587_A>C,0
8:11844333_A>C,0
8:11844497_A>T,0
8:11844695_G>A,0
8:122813145_A>G,0
8:123013442_C>A,0
8:124573104_G>A,0
8:124573337_T>C,0
8:124716043_T>C,0
8:12751481_C>T,0
8:12751608_C>G,0
8:127992019_T>C,0
8:128006833_G>A,0
8:128006948_G>C,0
8:128007057_T>A,0
8:130341488_A>G,0
8:132460023_A>C,0
8:132460115_A>G,0
8:132460338_A>G,0
8:133242554_C>G,0
8:133242710_G>A,2
8:133258644_G>A,0
8:133261983_C>G,0
8:133263098_G>A,0
8:133271666_A>G,0
8:133278909_A>C,2
8:133278909_A>G,2
8:133278909_A>T,2
8:133278960_A>G,0
8:133279006_T>C,0
8:133279046_T>C,2
8:133279132_T>C,0
8:133279772_G>C,0
8:133279772_G>T,2
8:133280045_T>C,0
8:133280735_G>C,0
8:133360196_G>A,0
8:133361483_T>C,0
8:134756803_C>T,0
8:134757688_G>A,0
8:134757910_G>T,0
8:134758041_C>G,0
8:134758081_A>G,0
8:134758273_G>A,0
8:134758605_C>A,0
8:134758806_C>G,0
8:134759047_C>T,0
8:134759049_G>A,0
8:134759230_G>A,0
8:134759254_T>C,0
8:134759653_C>T,0
8:134759737_C>A,0
8:134759831_T>C,0
8:134759991_C>A,0
8:134760047_A>G,0
8:134760262_C>T,0
8:134761364_A>G,0
8:134772740_A>G,0
8:135647183_G>A,0
8:142658755_G>A,0
8:143022018_C>T,0
8:143993299_G>T,0
8:144424239_A>G,0
8:144464925_C>T,0
8:16749885_A>G,0
8:17522734_C>T,0
8:17534404_A>G,0
8:17568887_C>T,0
8:18056608_T>G,0
8:18063721_G>A,0
8:18063849_G>T,0
8:23566714_T>A,2
8:23566714_T>C,2
8:23566714_T>G,2
8:23568806_T>C,0
8:23575263_A>C,0
8:28346420_G>T,0
8:28368500_G>A,0
8:28369654_C>G,0
8:28369764_G>A,0
8:28376767_A>C,0
8:28378036_A>G,0
8:28378644_G>C,0
8:30063309_T>C,0
8:30562287_T>C,0
8:40929126_G>A,0
8:40942080_A>G,0
8:51878436_G>T,0
8:55773665_T>C,0
8:56073255_T>C,0
8:56958288_T>C,0
8:61714403_C>T,0
8:65730279_T>C,2
8:65730283_T>C,0
8:71974458_G>C,0
8:72145205_C>A,2
8:72145205_C>G,0
8:731206_G>C,0
8:80126620_T>C,2
8:88675609_G>A,0
8:88675630_C>G,0
8:88675641_A>C,2
8:88675641_A>T,0
8:88675643_T>C,0
8:88675645_C>A,2
8:88675645_C>T,0
8:88675647_C>A,0
8:88675669_C>G,2
8:88675669_C>T,0
8:88675677_C>A,0
8:88675917_T>C,0
8:88675955_G>A,0
8:88675958_A>G,0
8:88676723_T>A,2
8:88676723_T>C,2
8:88676723_T>G,2
8:88685976_G>A,0
8:88700687_T>A,2
8:88700687_T>C,0
8:88700687_T>G,2
8:88732157_T>G,0
8:9147076_G>A,0
8:94409677_A>G,0
8:94926194_C>A,0
8:97852566_T>C,0
8:98045384_C>T,2
8:98102742_A>C,0
9:114246624_C>T,0
9:121339285_C>T,0
9:134440465_T>G,0
9:136672371_A>G,0
9:136672544_G>A,0
9:137111973_C>G,0
9:14087770_C>T,0
9:29823906_T>G,0
9:29824059_T>C,0
9:29824211_T>C,0
9:29824224_T>G,0
9:29835399_T>C,0
9:29838222_A>C,0
9:29840648_C>T,0
9:29859924_A>C,0
9:29868704_T>A,0
9:29869025_G>A,0
9:29869254_T>C,0
9:29869621_A>G,0
9:29869917_C>A,0
9:29869942_T>A,0
9:29870227_C>G,0
9:29870442_C>T,0
9:29877275_C>T,0
9:71766284_G>A,0
9:71766500_C>T,0
9:73169101_A>C,0
9:733915_G>C,0
9:733971_T>C,0
9:734086_G>A,0
9:76615865_A>G,0
9:76616091_C>A,0
9:76616423_T>G,0
9:76616441_G>A,0
9:76620516_T>C,0
9:76622135_A>C,0
9:76623398_G>A,0
9:76892957_A>G,0
9:76893032_A>G,0
9:80124688_A>C,2
9:80124688_A>T,0
9:89439052_G>A,0
9:93113165_C>T,0
9:93565409_A>C,0
X:103309655_A>G,0
X:104172237_T>A,0
X:118885050_A>G,0
X:118885642_C>G,0
X:118885745_G>A,0
X:118885749_A>G,0
X:118885764_T>C,0
X:119618349_T>C,0
X:145698576_A>C,0
X:145760555_G>A,0
X:147883676_G>A,0
X:150831095_T>C,2
X:153694388_C>T,0
X:154531643_C>T,0
X:155001545_T>C,2
X:155113148_A>C,2
X:155113148_A>G,2
X:155113148_A>T,2
X:155147402_C>A,0
X:155147767_T>C,0
X:17071976_G>A,0
X:17134653_A>G,0
X:20049544_T>C,1
X:20049551_T>C,2
X:20049551_T>G,2
X:20049761_T>C,0
X:23783194_C>T,0
X:23783585_G>C,0
X:24541154_A>G,0
X:24541519_A>C,0
X:2952412_C>T,0
X:41202155_G>C,0
X:41232688_A>G,0
X:43695425_C>T,0
X:43696456_G>A,0
X:43696616_C>A,0
X:48578038_G>A,0
X:56817338_G>A,0
X:73823328_A>C,2
X:73823328_A>G,2
X:73823328_A>T,2
X:73823982_T>A,2
X:73823982_T>C,0
X:73825905_A>C,0
X:73847420_A>C,2
X:73847420_A>G,2
X:73847783_G>A,2
X:74208259_T>C,2
X:74208349_T>C,2
X:74208350_T>C,0
X:74208403_T>C,2
X:74208404_T>C,2
X:74208406_T>C,2
X:74208410_T>C,2
X:74208412_T>C,2
X:74208417_T>C,2
X:74208467_T>C,2
X:74208468_T>C,2
X:74208474_T>C,2
X:74208488_T>C,2
X:74208513_T>C,2
X:74208515_T>C,2
X:74208530_T>C,2
X:74208540_T>C,2
X:74208620_T>C,2
X:74208649_T>C,2
X:74208696_T>C,2
X:74225527_T>C,2
X:74225588_T>C,2
X:74225601_T>C,2
X:74225870_A>C,0
X:74226521_T>C,2
X:74266318_T>C,2
X:74266411_T>C,2
X:74266517_A>G,0
X:74278417_T>C,2
X:74278613_G>A,0
X:77682471_C>G,0
X:87527458_T>A,0
X:87527458_T>G,0
X:94299554_T>C,0
X:94299589_T>C,0
X:94367301_G>C,0
X:94367340_G>A,0
X:94390964_C>T,0
X:94414655_A>T,0
X:94414732_C>T,0
X:94420531_G>C,0
X:94425331_A>G,0
X:94433818_C>A,0
X:94433930_T>C,0
X:94433951_C>T,0
X:94438295_A>C,2
X:94438295_A>G,0
X:94443575_T>C,0
X:94458596_T>G,0
X:94481389_C>A,0
X:94481441_G>T,0
X:94483884_A>G,0
X:94484116_A>T,0
X:94496328_G>A,0
X:94496541_G>A,0
X:94569662_T>C,0
X:94582071_G>A,0
X:94782269_T>C,0
X:94794406_A>G,2
X:94794412_A>G,2
X:94817742_T>C,0
X:94855858_T>A,0
X:94862975_C>T,0
X:94863385_G>T,0
X:94925426_G>A,0
X:94926245_A>G,2
X:94926255_C>T,0
X:94926256_A>G,2
X:94926327_A>G,2
X:94926531_A>G,2
X:94926552_A>G,2
X:94926564_G>A,0
X:94926642_A>G,2
X:94926666_A>G,2
X:94926672_T>C,0
X:94938239_T>C,0
X:94963748_A>G,0
X:94964128_T>G,0
X:94966945_G>A,0
X:94984822_G>C,0
X:94985742_A>G,0
X:94991416_A>G,0
X:95046265_G>A,0
X:95046805_T>A,0
X:95050695_A>G,0
X:95056114_C>A,0
X:95080114_T>A,0
X:95100774_A>G,0
X:9564508_A>G,0
X:9564719_A>G,0
X:9716912_C>T,0
